{
  "type" : "arObject",
  "data" : {
    "center" : [
      -0.0013333931565284729,
      0.058199658989906311,
      0.006216876208782196
    ],
    "scale" : [
      1,
      1,
      1
    ],
    "extent" : [
      0.19009613990783691,
      0.11555507779121399,
      0.1323133260011673
    ]
  }
}