{
  "type" : "arObject",
  "data" : {
    "center" : [
      -0.00019922852516174316,
      0.11652886867523193,
      0.0014969408512115479
    ],
    "scale" : [
      0.99999994039535522,
      1,
      0.99999994039535522
    ],
    "extent" : [
      0.21343392133712769,
      0.13873791694641113,
      0.24467366933822632
    ]
  }
}