{
  "type" : "arObject",
  "data" : {
    "center" : [
      -0.0018389672040939331,
      0.093599341809749603,
      -0.012134253978729248
    ],
    "scale" : [
      1,
      1,
      1
    ],
    "extent" : [
      0.13223452866077423,
      0.186843141913414,
      0.077581882476806641
    ]
  }
}